Group4,G4
Group1,G1
Group4.1,G4
Group4.2,G4
Group1.1,G1
Group4.3,G4
Group4.4,G4
Group1.2,G1
Group4.5,G4
Group1.3,G1
Group1.4,G1
Group1.5,G1
Group4.6,G4
Group4.7,G4
Group4.8,G4
Group1.6,G1
Group1.8,G1
Group1.9,G1
Group1.10,G1
Group4.9,G4
Group1.11,G1
Group4.10,G4
Group1.12,G1
Group4.11,G4
Group1.13,G1
Group1.14,G1
Group1.15,G1
Group1.16,G1
Group1.17,G1
Group1.18,G1
Group4.12,G4
Group1.19,G1
Group4.13,G4
Group1.20,G1
Group4.14,G4
Group1.21,G1
Group4.15,G4
Group4.16,G4
Group4.17,G4
Group4.18,G4
Group1.22,G1
Group1.23,G1
Group1.24,G1
Group1.25,G1
Group1.26,G1
Group1.27,G1
Group4.19,G4
Group1.28,G1
Group1.29,G1
Group4.20,G4
Group1.30,G1
Group4.21,G4
